<?xml version="1.0" encoding="utf-8" ?>
<Buildings>


	<ThingDef Name="BuildingBase" Abstract="True">
		<category>Building</category>
		<soundImpactDefault>BulletImpactWood</soundImpactDefault>
		<selectable>true</selectable>
		<drawerType>MapMeshAndRealTime</drawerType>
		<terrainAffordanceNeeded>Light</terrainAffordanceNeeded>
		<constructEffect>ConstructMetal</constructEffect>
		<repairEffect>Repair</repairEffect>
	</ThingDef>
  
  <ThingDef  Class="ThingDef_Torch" ParentName="BuildingBase">
		<defName>Torch</defName>
		<eType>BuildingComplex</eType>
		<label>Torch</label>
		<thingClass>Torch</thingClass>
		<category>Building</category>
		<graphicPath>Things/Torch</graphicPath>
    <graphicClass>Graphic_Single</graphicClass>
		<altitudeLayer>Waist</altitudeLayer>
		<passability>PassThroughOnly</passability>
		<statBases>
      <MaxHealth>10</MaxHealth>
      <WorkToMake>50</WorkToMake>
      <Flammability>1.0</Flammability>
      <Beauty>3</Beauty>
    </statBases>
		<selectable>true</selectable>
    <tickerType>Rare</tickerType>
		<description>Torch that lights an area. Will burn out over time.</description>
		<size>(1,1)</size>
		<costList>
			<WoodLog>1</WoodLog>
		</costList>
		<soundImpactDefault>BulletImpactWood</soundImpactDefault>
		<leaveResourcesWhenKilled>false</leaveResourcesWhenKilled>
		<comps>
			<li>
				<compClass>CompGlowerX</compClass>
				<glowRadius>4</glowRadius>
				<glowColor>(217,217,208,0)</glowColor>
			</li>
      <li>
        <compClass>CompTempControl</compClass>
        <energyPerSecond>20</energyPerSecond>
      </li>
		</comps>
		<designationCategory>Furniture</designationCategory>
		<sunShadowInfo>
			<basewidth>0.1</basewidth>
			<baseHeight>0.1</baseHeight>
			<tallness>0.3</tallness>
			<offset>(0,0,-0.1)</offset>
		</sunShadowInfo>
		<rotatable>false</rotatable>
  </ThingDef>

</Buildings>